"","SC102KM","SOC10M","from","to","SOC2KM"
"1",1111,1115,0,0.739920210508446,NA
"2",1111,1116,0.739920210508446,0.838497014967603,NA
"3",1111,1135,0.838497014967603,0.878618113912232,NA
"4",1111,1139,0.878618113912232,0.980958039781569,NA
"5",1111,2429,0.980958039781569,1,NA
"6",1112,1115,0,0.359337953674995,NA
"7",1112,1121,0.359337953674995,0.455097574320627,NA
"8",1112,1122,0.455097574320627,0.463364034287799,NA
"9",1112,1123,0.463364034287799,0.487775852635419,NA
"10",1112,1131,0.487775852635419,0.587123837315338,NA
"11",1112,1132,0.587123837315338,0.629062556994346,NA
"12",1112,1134,0.629062556994346,0.637032646361481,NA
"13",1112,1135,0.637032646361481,0.671703447018056,NA
"14",1112,1136,0.671703447018056,0.681953310231625,NA
"15",1112,1139,0.681953310231625,0.749639795732263,NA
"16",1112,1150,0.749639795732263,0.807281597665512,NA
"17",1112,1161,0.807281597665512,0.840548057632683,NA
"18",1112,1181,0.840548057632683,0.878232719314244,NA
"19",1112,1184,0.878232719314244,0.880325551705271,NA
"20",1112,1190,0.880325551705271,0.900779682655481,NA
"21",1112,1221,0.900779682655481,0.903579244938902,NA
"22",1112,1225,0.903579244938902,0.909415465985774,NA
"23",1112,1226,0.909415465985774,0.922241473645814,NA
"24",1112,1242,0.922241473645814,0.942759438263724,NA
"25",1112,1251,0.942759438263724,0.962949115447748,NA
"26",1112,1255,0.962949115447748,0.967991975196061,NA
"27",1112,1259,0.967991975196061,1,NA
"28",1113,1115,0,0.0551882429515947,NA
"29",1113,1116,0.0551882429515947,0.262512418211092,NA
"30",1113,1135,0.262512418211092,0.286355383508616,NA
"31",1113,1139,0.286355383508616,0.866728329507953,NA
"32",1113,2424,0.866728329507953,0.960855514827629,NA
"33",1113,2429,0.960855514827629,0.971395293069782,NA
"34",1113,2463,0.971395293069782,0.990636383360168,NA
"35",1113,4162,0.990636383360168,1,NA
"36",1114,1115,0,0.105215499087463,NA
"37",1114,1132,0.105215499087463,0.109335953951987,NA
"38",1114,1134,0.109335953951987,0.114495296925453,NA
"39",1114,1139,0.114495296925453,0.733553278113155,NA
"40",1114,2424,0.733553278113155,0.981784360522252,NA
"41",1114,2442,0.981784360522252,1,NA
"42",1121,1115,0,0.0148536257195518,NA
"43",1121,1121,0.0148536257195518,0.779491255065749,NA
"44",1121,1122,0.779491255065749,0.782255525521391,NA
"45",1121,1132,0.782255525521391,0.786019055993185,NA
"46",1121,1133,0.786019055993185,0.786455477370102,NA
"47",1121,1135,0.786455477370102,0.788955640424214,NA
"48",1121,1139,0.788955640424214,0.789481439610796,NA
"49",1121,1150,0.789481439610796,0.790466205928084,NA
"50",1121,1161,0.790466205928084,0.790929199086253,NA
"51",1121,1190,0.790929199086253,0.792265840203749,NA
"52",1121,1213,0.792265840203749,0.793589598033366,NA
"53",1121,1223,0.793589598033366,0.794487402157468,NA
"54",1121,1252,0.794487402157468,0.796203295061916,NA
"55",1121,1259,0.796203295061916,0.799177724151092,NA
"56",1121,2122,0.799177724151092,0.799697081693734,NA
"57",1121,2129,0.799697081693734,0.854252169424898,NA
"58",1121,2134,0.854252169424898,0.854686980390831,NA
"59",1121,2424,0.854686980390831,0.930184657775588,NA
"60",1121,2436,0.930184657775588,0.932277386850511,NA
"61",1121,3116,0.932277386850511,0.936979786926523,NA
"62",1121,3412,0.936979786926523,0.939082983672848,NA
"63",1121,4161,0.939082983672848,0.941606497686242,NA
"64",1121,5223,0.941606497686242,0.946920048731036,NA
"65",1121,5235,0.946920048731036,0.948214013957432,NA
"66",1121,5250,0.948214013957432,0.959322628931516,NA
"67",1121,5319,0.959322628931516,0.977285153057486,NA
"68",1121,5422,0.977285153057486,0.985999086896971,NA
"69",1121,5423,0.985999086896971,0.987293052123367,NA
"70",1121,5432,0.987293052123367,0.996349198297151,NA
"71",1121,8111,0.996349198297151,0.996891906799075,NA
"72",1121,8114,0.996891906799075,0.997354094751751,NA
"73",1121,8132,0.997354094751751,0.998637592306745,NA
"74",1121,9134,0.998637592306745,1,NA
"75",1122,1115,0,0.00257624568730818,NA
"76",1122,1121,0.00257624568730818,0.00522009324141118,NA
"77",1122,1122,0.00522009324141118,0.739616045979102,NA
"78",1122,2436,0.739616045979102,0.967140576238313,NA
"79",1122,2461,0.967140576238313,0.969341938846122,NA
"80",1122,5319,0.969341938846122,0.990732398624855,NA
"81",1122,5330,0.990732398624855,1,NA
"82",1123,1123,0,0.554331481879277,NA
"83",1123,2424,0.554331481879277,0.922105952271356,NA
"84",1123,2436,0.922105952271356,0.991980442098587,NA
"85",1123,5330,0.991980442098587,1,NA
"86",1131,1115,0,0.000668735057502605,NA
"87",1131,1131,0.000668735057502605,0.857653189598348,NA
"88",1131,2421,0.857653189598348,0.860097564522409,NA
"89",1131,2424,0.860097564522409,0.893849072524747,NA
"90",1131,2429,0.893849072524747,0.903086035300409,NA
"91",1131,2462,0.903086035300409,0.905082673447774,NA
"92",1131,3535,0.905082673447774,0.912543996356877,NA
"93",1131,3538,0.912543996356877,1,NA
"94",1132,1115,0,0.000477545193272805,NA
"95",1132,1132,0.000477545193272805,0.281351839421792,NA
"96",1132,1139,0.281351839421792,0.282067949402653,NA
"97",1132,2129,0.282067949402653,0.28253302605302,NA
"98",1132,2133,0.28253302605302,0.283794011358843,NA
"99",1132,2137,0.283794011358843,0.284989329005364,NA
"100",1132,2150,0.284989329005364,0.285264052567377,NA
"101",1132,2424,0.285264052567377,0.319451134741309,NA
"102",1132,3538,0.319451134741309,0.320023440860662,NA
"103",1132,3539,0.320023440860662,0.321397058670729,NA
"104",1132,3542,0.321397058670729,0.321692563137584,NA
"105",1132,3545,0.321692563137584,0.999471749398912,NA
"106",1132,7125,0.999471749398912,1,NA
"107",1133,1133,0,0.935258531052084,NA
"108",1133,2424,0.935258531052084,0.987286132904811,NA
"109",1133,2462,0.987286132904811,0.993099536818225,NA
"110",1133,3538,0.993099536818225,1,NA
"111",1134,1115,0,0.0253190989533032,NA
"112",1134,1134,0.0253190989533032,0.453112683041424,NA
"113",1134,2424,0.453112683041424,0.460207251181123,NA
"114",1134,2472,0.460207251181123,0.492720106496829,NA
"115",1134,2473,0.492720106496829,0.94500796115998,NA
"116",1134,3545,0.94500796115998,1,NA
"117",1135,1115,0,0.00461728856718039,NA
"118",1135,1135,0.00461728856718039,0.853683770043716,NA
"119",1135,1259,0.853683770043716,0.860243774317334,NA
"120",1135,2424,0.860243774317334,0.900458523642904,NA
"121",1135,3239,0.900458523642904,0.901938264020585,NA
"122",1135,3539,0.901938264020585,0.90387741837834,NA
"123",1135,3563,0.90387741837834,1,NA
"124",1136,1115,0,0.00787062506261523,NA
"125",1136,1133,0.00787062506261523,0.00829948448987698,NA
"126",1136,1135,0.00829948448987698,0.00995252666749861,NA
"127",1136,1136,0.00995252666749861,0.211803828449199,NA
"128",1136,2133,0.211803828449199,0.802772998026192,NA
"129",1136,2134,0.802772998026192,0.988704651191403,NA
"130",1136,2136,0.988704651191403,0.989780315000765,NA
"131",1136,2137,0.989780315000765,0.992983578550701,NA
"132",1136,2139,0.992983578550701,0.99394851226204,NA
"133",1136,2150,0.99394851226204,0.996285268854436,NA
"134",1136,3132,0.996285268854436,0.99718341298284,NA
"135",1136,5242,0.99718341298284,0.998330260426645,NA
"136",1136,7220,0.998330260426645,1,NA
"137",1137,1115,0,0.0221464697101352,NA
"138",1137,1139,0.0221464697101352,0.307630951585233,NA
"139",1137,1181,0.307630951585233,0.311307176436513,NA
"140",1137,2111,0.311307176436513,0.330138359735312,NA
"141",1137,2114,0.330138359735312,0.335432123521155,NA
"142",1137,2124,0.335432123521155,0.342089432524564,NA
"143",1137,2133,0.342089432524564,0.346344941291803,NA
"144",1137,2150,0.346344941291803,0.940783815698594,NA
"145",1137,2424,0.940783815698594,0.993075329189225,NA
"146",1137,2426,0.993075329189225,1,NA
"147",1141,1121,0,0.00601105010061048,NA
"148",1141,1139,0.00601105010061048,0.0330820913338563,NA
"149",1141,2423,0.0330820913338563,0.0373495105896798,NA
"150",1141,2424,0.0373495105896798,0.0660917090140173,NA
"151",1141,2462,0.0660917090140173,0.984959585280175,NA
"152",1141,3539,0.984959585280175,1,NA
"153",1142,1132,0,0.00890774745775112,NA
"154",1142,1139,0.00890774745775112,0.0159338649498866,NA
"155",1142,1259,0.0159338649498866,0.0191001536323067,NA
"156",1142,2133,0.0191001536323067,0.0270656229424245,NA
"157",1142,2424,0.0270656229424245,0.0581520228253713,NA
"158",1142,3132,0.0581520228253713,0.0604199283049235,NA
"159",1142,6219,0.0604199283049235,0.0617543346257956,NA
"160",1142,7220,0.0617543346257956,1,NA
"161",1151,1115,0,0.00880784131490022,NA
"162",1151,1139,0.00880784131490022,0.0158061289947822,NA
"163",1151,1150,0.0158061289947822,0.481100077281704,NA
"164",1151,2421,0.481100077281704,0.484125681266006,NA
"165",1151,2423,0.484125681266006,0.486834329240265,NA
"166",1151,2424,0.486834329240265,0.686195871237568,NA
"167",1151,2425,0.686195871237568,0.688606504796012,NA
"168",1151,3533,0.688606504796012,0.69308556044389,NA
"169",1151,3538,0.69308556044389,0.936521666658248,NA
"170",1151,4123,0.936521666658248,0.987312920187699,NA
"171",1151,4161,0.987312920187699,0.999285270511221,NA
"172",1151,4162,0.999285270511221,1,NA
"173",1152,1115,0,0.00131724520895769,NA
"174",1152,1132,0.00131724520895769,0.00537919282435176,NA
"175",1152,1133,0.00537919282435176,0.00662437634850726,NA
"176",1152,1139,0.00662437634850726,0.041674967890161,NA
"177",1152,1241,0.041674967890161,0.042821596463043,NA
"178",1152,1259,0.042821596463043,0.0432486679185618,NA
"179",1152,2129,0.0432486679185618,0.0444387454484568,NA
"180",1152,2317,0.0444387454484568,0.0451212119927599,NA
"181",1152,2421,0.0451212119927599,0.048925645058052,NA
"182",1152,2423,0.048925645058052,0.0530416389370478,NA
"183",1152,2424,0.0530416389370478,0.0765761374089162,NA
"184",1152,2429,0.0765761374089162,0.0857459867999949,NA
"185",1152,2473,0.0857459867999949,0.0872783573327003,NA
"186",1152,3520,0.0872783573327003,0.0949433891882039,NA
"187",1152,3538,0.0949433891882039,0.274067542993273,NA
"188",1152,3539,0.274067542993273,0.274627080781149,NA
"189",1152,3545,0.274627080781149,0.278928527525444,NA
"190",1152,3561,0.278928527525444,0.297030846640018,NA
"191",1152,3562,0.297030846640018,0.29843710922432,NA
"192",1152,4122,0.29843710922432,0.331327969683225,NA
"193",1152,4161,0.331327969683225,0.943921172994672,NA
"194",1152,4162,0.943921172994672,0.946159324146175,NA
"195",1152,4217,0.946159324146175,0.949017417733109,NA
"196",1152,7220,0.949017417733109,1,NA
"197",1161,1115,0,0.00783516787178188,NA
"198",1161,1161,0.00783516787178188,0.871943075576843,NA
"199",1161,1162,0.871943075576843,0.886364159719984,NA
"200",1161,2424,0.886364159719984,0.979473702390273,NA
"201",1161,2429,0.979473702390273,0.981508773545802,NA
"202",1161,2462,0.981508773545802,0.986396398470962,NA
"203",1161,4161,0.986396398470962,0.989755561184544,NA
"204",1161,8211,0.989755561184544,0.996755975682771,NA
"205",1161,8233,0.996755975682771,1,NA
"206",1162,1162,0,0.922972092037525,NA
"207",1162,2424,0.922972092037525,0.924973374360515,NA
"208",1162,4133,0.924973374360515,1,NA
"209",1163,1115,0,0.0129163869811218,NA
"210",1163,1161,0.0129163869811218,0.0139609837844719,NA
"211",1163,1190,0.0139609837844719,0.834744392017758,NA
"212",1163,1254,0.834744392017758,0.835878881887728,NA
"213",1163,1259,0.835878881887728,0.837492364010491,NA
"214",1163,2214,0.837492364010491,0.838790892323198,NA
"215",1163,2424,0.838790892323198,0.859184807678049,NA
"216",1163,5431,0.859184807678049,0.862788404188098,NA
"217",1163,7122,0.862788404188098,0.863904521752482,NA
"218",1163,7123,0.863904521752482,0.86418010633628,NA
"219",1163,7125,0.86418010633628,0.865306722360999,NA
"220",1163,7130,0.865306722360999,0.999375997763828,NA
"221",1163,7220,0.999375997763828,1,NA
"222",1171,1171,0,1,NA
"223",1172,1172,0,0.982319372261286,NA
"224",1172,2424,0.982319372261286,1,NA
"225",1173,1173,0,0.973700328513892,NA
"226",1173,5223,0.973700328513892,0.986933684738024,NA
"227",1173,7220,0.986933684738024,1,NA
"228",1174,1139,0,0.12096300645919,NA
"229",1174,2424,0.12096300645919,0.163297800261981,NA
"230",1174,3319,0.163297800261981,1,NA
"231",1181,1115,0,0.020655179826495,NA
"232",1181,1139,0.020655179826495,0.0230817717764766,NA
"233",1181,1181,0.0230817717764766,0.773437926976343,NA
"234",1181,2218,0.773437926976343,0.778068855457464,NA
"235",1181,2219,0.778068855457464,0.789706294929297,NA
"236",1181,2231,0.789706294929297,0.919835020895653,NA
"237",1181,2424,0.919835020895653,0.972086905512299,NA
"238",1181,2429,0.972086905512299,0.982707799707789,NA
"239",1181,4161,0.982707799707789,0.988923664372456,NA
"240",1181,4216,0.988923664372456,1,NA
"241",1182,2213,0,1,NA
"242",1183,1241,0,1,NA
"243",1184,1184,0,0.880928923881008,NA
"244",1184,2318,0.880928923881008,0.893531931236589,NA
"245",1184,2424,0.893531931236589,0.980963990214823,NA
"246",1184,2442,0.980963990214823,0.992803052440867,NA
"247",1184,2449,0.992803052440867,0.995115760647224,NA
"248",1184,3219,0.995115760647224,1,NA
"249",1185,1242,0,0.977811505107646,NA
"250",1185,2424,0.977811505107646,0.983335632924006,NA
"251",1185,6144,0.983335632924006,1,NA
"252",1211,1115,0,0.0276566985100922,NA
"253",1211,1211,0.0276566985100922,0.968440077153228,NA
"254",1211,5111,0.968440077153228,1,NA
"255",1212,1139,0,0.0194650389038799,NA
"256",1212,2141,0.0194650389038799,0.225249534987294,NA
"257",1212,2142,0.225249534987294,0.891331115244557,NA
"258",1212,2424,0.891331115244557,1,NA
"259",1219,1211,0,0.226740964226341,NA
"260",1219,1213,0.226740964226341,0.874684440613263,NA
"261",1219,5119,0.874684440613263,0.980573856289637,NA
"262",1219,6139,0.980573856289637,1,NA
"263",1221,1221,0,0.926544578846166,NA
"264",1221,2424,0.926544578846166,0.937442790531948,NA
"265",1221,4216,0.937442790531948,0.956904760442072,NA
"266",1221,6240,0.956904760442072,1,NA
"267",1222,1115,0,0.0125908572115096,NA
"268",1222,1139,0.0125908572115096,0.0194509521235057,NA
"269",1222,2424,0.0194509521235057,0.0330269718267556,NA
"270",1222,3546,0.0330269718267556,1,NA
"271",1223,1223,0,0.768346779208504,NA
"272",1223,2424,0.768346779208504,0.771212284527432,NA
"273",1223,3546,0.771212284527432,0.7723017735289,NA
"274",1223,5434,0.7723017735289,0.802916911953701,NA
"275",1223,5435,0.802916911953701,0.808102348951553,NA
"276",1223,5436,0.808102348951553,0.996124603049574,NA
"277",1223,9272,0.996124603049574,1,NA
"278",1224,1224,0,0.739756686593077,NA
"279",1224,5436,0.739756686593077,1,NA
"280",1225,1115,0,0.00784436476770436,NA
"281",1225,1225,0.00784436476770436,0.943149697418094,NA
"282",1225,2424,0.943149697418094,0.99073283630224,NA
"283",1225,3416,0.99073283630224,1,NA
"284",1226,1226,0,0.751038609597134,NA
"285",1226,2424,0.751038609597134,1,NA
"286",1231,1115,0,0.00510817032125531,NA
"287",1231,1251,0.00510817032125531,0.949903247402353,NA
"288",1231,2424,0.949903247402353,0.976392366174191,NA
"289",1231,2436,0.976392366174191,0.991425243715667,NA
"290",1231,3234,0.991425243715667,0.992344164121752,NA
"291",1231,6144,0.992344164121752,1,NA
"292",1232,1252,0,0.895349203102629,NA
"293",1232,5231,0.895349203102629,0.913474094935414,NA
"294",1232,5250,0.913474094935414,1,NA
"295",1233,1253,0,0.978215993610025,NA
"296",1233,6222,0.978215993610025,1,NA
"297",1234,1254,0,0.948539288943227,NA
"298",1234,5431,0.948539288943227,0.954567306265617,NA
"299",1234,7111,0.954567306265617,0.992826520902204,NA
"300",1234,7121,0.992826520902204,0.999182943500444,NA
"301",1234,7124,0.999182943500444,1,NA
"302",1235,1115,0,0.0105085713508884,NA
"303",1235,1255,0.0105085713508884,0.973857719653611,NA
"304",1235,2424,0.973857719653611,1,NA
"305",1239,1115,0,0.00905446857645345,NA
"306",1239,1135,0.00905446857645345,0.00975815713725111,NA
"307",1239,1139,0.00975815713725111,0.0645369729269951,NA
"308",1239,1161,0.0645369729269951,0.0659186679843278,NA
"309",1239,1190,0.0659186679843278,0.0687200675541018,NA
"310",1239,1259,0.0687200675541018,0.760602069768923,NA
"311",1239,2129,0.760602069768923,0.765122113079156,NA
"312",1239,2134,0.765122113079156,0.768078632317077,NA
"313",1239,2137,0.768078632317077,0.771482019473168,NA
"314",1239,2317,0.771482019473168,0.77947941428457,NA
"315",1239,2318,0.77947941428457,0.779911900246753,NA
"316",1239,2319,0.779911900246753,0.851621360081032,NA
"317",1239,2424,0.851621360081032,0.91458556339258,NA
"318",1239,2436,0.91458556339258,0.915768992913805,NA
"319",1239,2451,0.915768992913805,0.916698683640114,NA
"320",1239,3239,0.916698683640114,0.918902204753853,NA
"321",1239,3539,0.918902204753853,0.919427146147382,NA
"322",1239,3567,0.919427146147382,0.9436104051397,NA
"323",1239,4161,0.9436104051397,0.944998263892456,NA
"324",1239,6132,0.944998263892456,0.945890972446227,NA
"325",1239,6148,0.945890972446227,0.950634963356831,NA
"326",1239,6240,0.950634963356831,0.987316142101943,NA
"327",1239,8214,0.987316142101943,0.998176573437349,NA
"328",1239,8232,0.998176573437349,1,NA
"329",2111,2111,0,0.994273305532602,NA
"330",2111,2142,0.994273305532602,1,NA
"331",2112,2112,0,0.909373770609063,NA
"332",2112,2141,0.909373770609063,0.931228886988695,NA
"333",2112,2142,0.931228886988695,0.986594965064977,NA
"334",2112,2219,0.986594965064977,1,NA
"335",2113,2113,0,0.986148170829506,NA
"336",2113,2142,0.986148170829506,1,NA
"337",2121,2121,0,1,NA
"338",2122,2122,0,0.978742034343533,NA
"339",2122,2123,0.978742034343533,0.986553068471636,NA
"340",2122,5223,0.986553068471636,1,NA
"341",2123,2123,0,1,NA
"342",2124,2124,0,1,NA
"343",2125,2127,0,0.973229074380802,NA
"344",2125,3119,0.973229074380802,1,NA
"345",2126,2126,0,0.992250266072917,NA
"346",2126,2127,0.992250266072917,0.997771519247542,NA
"347",2126,2461,0.997771519247542,1,NA
"348",2127,2127,0,0.901019843465887,NA
"349",2127,2461,0.901019843465887,0.905605186180726,NA
"350",2127,3116,0.905605186180726,0.978647850950009,NA
"351",2127,3416,0.978647850950009,0.996435818378264,NA
"352",2127,5441,0.996435818378264,1,NA
"353",2128,2127,0,0.0952859866923058,NA
"354",2128,2436,0.0952859866923058,0.111763711993821,NA
"355",2128,2461,0.111763711993821,0.865378271608911,NA
"356",2128,3116,0.865378271608911,1,NA
"357",2129,2129,0,0.911280332810632,NA
"358",2129,2136,0.911280332810632,0.921469436269771,NA
"359",2129,2142,0.921469436269771,0.946809729412354,NA
"360",2129,2219,0.946809729412354,0.965551808333154,NA
"361",2129,2424,0.965551808333154,0.967288180496781,NA
"362",2129,2462,0.967288180496781,0.988325134792602,NA
"363",2129,3119,0.988325134792602,0.992080710874344,NA
"364",2129,3219,0.992080710874344,0.994486570861885,NA
"365",2129,5223,0.994486570861885,0.998138322628688,NA
"366",2129,5236,0.998138322628688,1,NA
"367",2131,2133,0,0.00208005728924424,NA
"368",2131,2134,0.00208005728924424,0.00432068688032011,NA
"369",2131,2135,0.00432068688032011,0.0883110746901139,NA
"370",2131,2136,0.0883110746901139,0.148592131588079,NA
"371",2131,2137,0.148592131588079,0.161565266180889,NA
"372",2131,2139,0.161565266180889,0.992124574575683,NA
"373",2131,7211,0.992124574575683,1,NA
"374",2132,2133,0,0.00322844282525342,NA
"375",2132,2134,0.00322844282525342,0.0098696560258167,NA
"376",2132,2135,0.0098696560258167,0.192431863185587,NA
"377",2132,2136,0.192431863185587,0.775067530295453,NA
"378",2132,2137,0.775067530295453,0.82535032399633,NA
"379",2132,2139,0.82535032399633,0.951102373623812,NA
"380",2132,2316,0.951102373623812,0.951956243892456,NA
"381",2132,2426,0.951956243892456,0.957980095335293,NA
"382",2132,3131,0.957980095335293,0.958657092476861,NA
"383",2132,3132,0.958657092476861,0.998510470753588,NA
"384",2132,5245,0.998510470753588,1,NA
"385",2211,2211,0,0.987306159176073,NA
"386",2211,2219,0.987306159176073,0.992260067009275,NA
"387",2211,2229,0.992260067009275,0.997811293375463,NA
"388",2211,2231,0.997811293375463,0.998748371074001,NA
"389",2211,2311,0.998748371074001,1,NA
"390",2212,2212,0,1,NA
"391",2213,2112,0,0.0178730536384259,NA
"392",2213,2213,0.0178730536384259,0.995689468335653,NA
"393",2213,2214,0.995689468335653,1,NA
"394",2214,2214,0,1,NA
"395",2215,2215,0,0.989124393102294,NA
"396",2215,2311,0.989124393102294,1,NA
"397",2216,2216,0,1,NA
"398",2311,2119,0,0.00798762324402638,NA
"399",2311,2311,0.00798762324402638,0.982266108800916,NA
"400",2311,2317,0.982266108800916,1,NA
"401",2312,2312,0,0.956731696447797,NA
"402",2312,2317,0.956731696447797,0.993103809850149,NA
"403",2312,2319,0.993103809850149,0.995816972903946,NA
"404",2312,3414,0.995816972903946,1,NA
"405",2313,2317,0,0.0172921747385305,NA
"406",2313,2318,0.0172921747385305,1,NA
"407",2314,2314,0,0.982615378249843,NA
"408",2314,2317,0.982615378249843,0.998724645018084,NA
"409",2314,6125,0.998724645018084,1,NA
"410",2315,2315,0,0.908376841403677,NA
"411",2315,2316,0.908376841403677,0.909095306861793,NA
"412",2315,2317,0.909095306861793,0.998745820896057,NA
"413",2315,2318,0.998745820896057,0.999402174627121,NA
"414",2315,2319,0.999402174627121,1,NA
"415",2316,2316,0,0.956962998761804,NA
"416",2316,2317,0.956962998761804,0.982958053034285,NA
"417",2316,2319,0.982958053034285,0.984866497105585,NA
"418",2316,2449,0.984866497105585,0.986838438391827,NA
"419",2316,3233,0.986838438391827,0.998490177333611,NA
"420",2316,6125,0.998490177333611,1,NA
"421",2317,1115,0,0.00588473142359491,NA
"422",2317,2312,0.00588473142359491,0.00887686230599359,NA
"423",2317,2317,0.00887686230599359,0.995091910049454,NA
"424",2317,4159,0.995091910049454,0.998028055114926,NA
"425",2317,4213,0.998028055114926,1,NA
"426",2319,2317,0,0.00661411963597642,NA
"427",2319,2319,0.00661411963597642,0.951970788095682,NA
"428",2319,3414,0.951970788095682,0.997479224528778,NA
"429",2319,6125,0.997479224528778,1,NA
"430",2321,2112,0,0.0115069029189136,NA
"431",2321,2119,0.0115069029189136,0.95962189857784,NA
"432",2321,2142,0.95962189857784,0.965809457426905,NA
"433",2321,2462,0.965809457426905,1,NA
"434",2322,2112,0,0.0230202107915751,NA
"435",2322,2114,0.0230202107915751,0.988421787471693,NA
"436",2322,3412,0.988421787471693,1,NA
"437",2329,1139,0,0.0136005229635372,NA
"438",2329,2112,0.0136005229635372,0.0700678579899457,NA
"439",2329,2113,0.0700678579899457,0.0738801696160499,NA
"440",2329,2119,0.0738801696160499,0.484493321223411,NA
"441",2329,2150,0.484493321223411,0.487258548776184,NA
"442",2329,2426,0.487258548776184,0.989517589276934,NA
"443",2329,3412,0.989517589276934,1,NA
"444",2411,2412,0,0.129482415561428,NA
"445",2411,2413,0.129482415561428,0.842265734353522,NA
"446",2411,2419,0.842265734353522,1,NA
"447",2419,2412,0,0.0163987562875905,NA
"448",2419,2419,0.0163987562875905,0.949171058476092,NA
"449",2419,3520,0.949171058476092,0.985606069700717,NA
"450",2419,4159,0.985606069700717,1,NA
"451",2421,2421,0,1,NA
"452",2422,2421,0,0.995400635226953,NA
"453",2422,4122,0.995400635226953,1,NA
"454",2423,2134,0,0.00178254105445117,NA
"455",2423,2135,0.00178254105445117,0.0371070008643042,NA
"456",2423,2142,0.0371070008643042,0.0389683664649957,NA
"457",2423,2423,0.0389683664649957,0.812997752808989,NA
"458",2423,2424,0.812997752808989,0.826371650821089,NA
"459",2423,2425,0.826371650821089,0.991430250648228,NA
"460",2423,2462,0.991430250648228,0.994724286949006,NA
"461",2423,3539,0.994724286949006,0.99921452031115,NA
"462",2423,4161,0.99921452031115,1,NA
"463",2431,2431,0,0.997368645331742,NA
"464",2431,3121,0.997368645331742,1,NA
"465",2432,2432,0,1,NA
"466",2433,2433,0,1,NA
"467",2434,2429,0,0.00241035433906217,NA
"468",2434,2434,0.00241035433906217,1,NA
"469",2441,2424,0,0.0770600155294207,NA
"470",2441,2429,0.0770600155294207,1,NA
"471",2442,2442,0,0.889454244656907,NA
"472",2442,2443,0.889454244656907,0.893022718965816,NA
"473",2442,2449,0.893022718965816,0.95675749764346,NA
"474",2442,3233,0.95675749764346,0.972192832272089,NA
"475",2442,3235,0.972192832272089,0.973207587095781,NA
"476",2442,3239,0.973207587095781,0.996147779081623,NA
"477",2442,6145,0.996147779081623,1,NA
"478",2443,2443,0,1,NA
"479",2444,2444,0,0.792419615982266,NA
"480",2444,3239,0.792419615982266,1,NA
"481",2451,2451,0,1,NA
"482",2452,2452,0,1,NA
"483",3111,2111,0,0.004631646356674,NA
"484",3111,2112,0.004631646356674,0.0143379984883855,NA
"485",3111,2129,0.0143379984883855,0.0162405477554759,NA
"486",3111,2219,0.0162405477554759,0.020756775272072,NA
"487",3111,2426,0.020756775272072,0.027856895531057,NA
"488",3111,3111,0.027856895531057,0.995651315960936,NA
"489",3111,3119,0.995651315960936,1,NA
"490",3112,3112,0,0.977302226792306,NA
"491",3112,3119,0.977302226792306,1,NA
"492",3113,3113,0,0.99292964208277,NA
"493",3113,3119,0.99292964208277,0.996061548774995,NA
"494",3113,3311,0.996061548774995,1,NA
"495",3114,2141,0,0.00897702054549359,NA
"496",3114,3114,0.00897702054549359,1,NA
"497",3115,3115,0,1,NA
"498",3119,2119,0,0.0393132845718432,NA
"499",3119,2142,0.0393132845718432,0.0477851933654498,NA
"500",3119,2426,0.0477851933654498,0.0681860618961498,NA
"501",3119,2434,0.0681860618961498,0.0736330511142054,NA
"502",3119,3111,0.0736330511142054,0.0853112679587928,NA
"503",3119,3113,0.0853112679587928,0.118318635531868,NA
"504",3119,3114,0.118318635531868,0.125739558159014,NA
"505",3119,3115,0.125739558159014,0.211867074257241,NA
"506",3119,3116,0.211867074257241,0.351008039777426,NA
"507",3119,3119,0.351008039777426,0.928111479223017,NA
"508",3119,3131,0.928111479223017,0.938466627187999,NA
"509",3119,3217,0.938466627187999,0.946357025869198,NA
"510",3119,3417,0.946357025869198,0.949782067081726,NA
"511",3119,5111,0.949782067081726,0.95275897206084,NA
"512",3119,5119,0.95275897206084,0.955783891636391,NA
"513",3119,5223,0.955783891636391,0.9627726828956,NA
"514",3119,5237,0.9627726828956,0.965536189668326,NA
"515",3119,5422,0.965536189668326,0.968406395544245,NA
"516",3119,6132,0.968406395544245,0.971655383236504,NA
"517",3119,6141,0.971655383236504,0.983920445148659,NA
"518",3119,8126,0.983920445148659,0.994184898875925,NA
"519",3119,8132,0.994184898875925,0.996975080424449,NA
"520",3119,9239,0.996975080424449,1,NA
"521",3121,2435,0,0.146969145639108,NA
"522",3121,3121,0.146969145639108,1,NA
"523",3122,3122,0,1,NA
"524",3123,3565,0,1,NA
"525",3131,2134,0,0.0104562737642586,NA
"526",3131,2135,0.0104562737642586,0.0287193149222867,NA
"527",3131,2136,0.0287193149222867,0.0326529250883864,NA
"528",3131,2137,0.0326529250883864,0.106382579547729,NA
"529",3131,2139,0.106382579547729,0.109807551197385,NA
"530",3131,2472,0.109807551197385,0.110964495363885,NA
"531",3131,3131,0.110964495363885,0.965675238476419,NA
"532",3131,3539,0.965675238476419,0.966648739243546,NA
"533",3131,4217,0.966648739243546,1,NA
"534",3132,2139,0,0.00810600335288544,NA
"535",3132,3131,0.00810600335288544,0.0154831185670826,NA
"536",3132,3132,0.0154831185670826,1,NA
"537",3211,2219,0,0.00633978939743748,NA
"538",3211,2231,0.00633978939743748,0.994962961908317,NA
"539",3211,2311,0.994962961908317,0.997896821918613,NA
"540",3211,3311,0.997896821918613,0.999415363655819,NA
"541",3211,4159,0.999415363655819,1,NA
"542",3212,2232,0,0.980695171324183,NA
"543",3212,2311,0.980695171324183,1,NA
"544",3213,3213,0,1,NA
"545",3214,2217,0,0.987888452265695,NA
"546",3214,6143,0.987888452265695,1,NA
"547",3215,2218,0,1,NA
"548",3216,3216,0,1,NA
"549",3217,3216,0,0.00865863337903168,NA
"550",3217,3217,0.00865863337903168,0.631985879767105,NA
"551",3217,7114,0.631985879767105,1,NA
"552",3218,2219,0,0.274885341219518,NA
"553",3218,3218,0.274885341219518,0.984742237036666,NA
"554",3218,6143,0.984742237036666,1,NA
"555",3221,2221,0,1,NA
"556",3222,2219,0,0.0133750068200064,NA
"557",3222,2222,0.0133750068200064,1,NA
"558",3223,2223,0,1,NA
"559",3229,2229,0,0.446351587465448,NA
"560",3229,3219,0.446351587465448,0.973606441692269,NA
"561",3229,3235,0.973606441692269,0.994878447880041,NA
"562",3229,6145,0.994878447880041,0.998163390455177,NA
"563",3229,6222,0.998163390455177,1,NA
"564",3231,2449,0,0.0878947610465205,NA
"565",3231,3231,0.0878947610465205,0.648707835764513,NA
"566",3231,3233,0.648707835764513,0.720254819473674,NA
"567",3231,3234,0.720254819473674,0.724266758935434,NA
"568",3231,3235,0.724266758935434,0.731550443787954,NA
"569",3231,3239,0.731550443787954,0.93260292091968,NA
"570",3231,3315,0.93260292091968,0.990760713652201,NA
"571",3231,3564,0.990760713652201,0.998035638811572,NA
"572",3231,4159,0.998035638811572,0.999047383370161,NA
"573",3231,6145,0.999047383370161,1,NA
"574",3232,2219,0,0.0602249063982083,NA
"575",3232,2229,0.0602249063982083,0.0623269333340323,NA
"576",3232,2424,0.0623269333340323,0.0657027571411909,NA
"577",3232,2449,0.0657027571411909,0.0990337752744495,NA
"578",3232,3219,0.0990337752744495,0.102697907015449,NA
"579",3232,3231,0.102697907015449,0.147472129140987,NA
"580",3232,3233,0.147472129140987,0.223497620804301,NA
"581",3232,3234,0.223497620804301,0.449321362438456,NA
"582",3232,3235,0.449321362438456,0.584252096457351,NA
"583",3232,3239,0.584252096457351,0.983569068752269,NA
"584",3232,6126,0.983569068752269,0.986166461138056,NA
"585",3232,6144,0.986166461138056,0.987020901014713,NA
"586",3232,6145,0.987020901014713,1,NA
"587",3311,3113,0,0.0339811700830833,NA
"588",3311,3311,0.0339811700830833,1,NA
"589",3312,1172,0,0.00909108568542513,NA
"590",3312,3312,0.00909108568542513,0.978984495758326,NA
"591",3312,3315,0.978984495758326,1,NA
"592",3313,3313,0,1,NA
"593",3314,3314,0,1,NA
"594",3319,3315,0,0.0433421296021315,NA
"595",3319,3319,0.0433421296021315,1,NA
"596",3411,3411,0,1,NA
"597",3412,3412,0,1,NA
"598",3413,3413,0,1,NA
"599",3414,3414,0,1,NA
"600",3415,3415,0,1,NA
"601",3416,2473,0,0.0175303314930724,NA
"602",3416,3416,0.0175303314930724,1,NA
"603",3421,2137,0,0.263459354892973,NA
"604",3421,3421,0.263459354892973,1,NA
"605",3422,3422,0,1,NA
"606",3431,2137,0,0.0256061145891654,NA
"607",3431,2471,0.0256061145891654,0.979288610644543,NA
"608",3431,3416,0.979288610644543,1,NA
"609",3432,2424,0,0.0039315227971067,NA
"610",3432,2471,0.0039315227971067,0.0817158743185042,NA
"611",3432,3413,0.0817158743185042,0.200965704143367,NA
"612",3432,3416,0.200965704143367,0.961632663447653,NA
"613",3432,3417,0.961632663447653,1,NA
"614",3433,2429,0,0.0183442814836609,NA
"615",3433,2472,0.0183442814836609,0.96623449722725,NA
"616",3433,3561,0.96623449722725,0.995535457295818,NA
"617",3433,4213,0.995535457295818,1,NA
"618",3434,3417,0,0.985322646715565,NA
"619",3434,8127,0.985322646715565,0.988792963526893,NA
"620",3434,9251,0.988792963526893,1,NA
"621",3441,3441,0,0.946112864365944,NA
"622",3441,3442,0.946112864365944,1,NA
"623",3442,3442,0,0.979282706753643,NA
"624",3442,6211,0.979282706753643,1,NA
"625",3443,3414,0,0.0106479650199382,NA
"626",3443,3443,0.0106479650199382,1,NA
"627",3449,3442,0,0.910492060745611,NA
"628",3449,3443,0.910492060745611,0.920354571227024,NA
"629",3449,3563,0.920354571227024,0.953841853779298,NA
"630",3449,6145,0.953841853779298,1,NA
"631",3511,3511,0,0.948506610086502,NA
"632",3511,8233,0.948506610086502,1,NA
"633",3512,3512,0,1,NA
"634",3513,3513,0,1,NA
"635",3514,8231,0,1,NA
"636",3520,3520,0,1,NA
"637",3531,2462,0,0.0112883720557731,NA
"638",3531,3531,0.0112883720557731,1,NA
"639",3532,3532,0,1,NA
"640",3533,3533,0,1,NA
"641",3534,2139,0,0.00549470585747022,NA
"642",3534,2424,0.00549470585747022,0.018276789061349,NA
"643",3534,3534,0.018276789061349,0.996782234902687,NA
"644",3534,4129,0.996782234902687,0.998847672517281,NA
"645",3534,4151,0.998847672517281,1,NA
"646",3535,3535,0,1,NA
"647",3536,3536,0,1,NA
"648",3537,3537,0,1,NA
"649",3539,2119,0,0.000735408897753881,NA
"650",3539,2129,0.000735408897753881,0.00241783019686064,NA
"651",3539,2133,0.00241783019686064,0.0035070679039112,NA
"652",3539,2135,0.0035070679039112,0.00657705316104414,NA
"653",3539,2424,0.00657705316104414,0.00837741739658312,NA
"654",3539,2426,0.00837741739658312,0.0163871303442893,NA
"655",3539,2429,0.0163871303442893,0.020901916572717,NA
"656",3539,2462,0.020901916572717,0.02304396843292,NA
"657",3539,3113,0.02304396843292,0.0243517474633596,NA
"658",3539,3116,0.0243517474633596,0.0424941462145521,NA
"659",3539,3235,0.0424941462145521,0.0469777122539242,NA
"660",3539,3539,0.0469777122539242,0.825081952996271,NA
"661",3539,3543,0.825081952996271,0.827173705662995,NA
"662",3539,3546,0.827173705662995,0.991985083687451,NA
"663",3539,4131,0.991985083687451,0.992916485994276,NA
"664",3539,6139,0.992916485994276,0.99629520423207,NA
"665",3539,8133,0.99629520423207,1,NA
"666",3541,1133,0,0.00256610070764556,NA
"667",3541,3541,0.00256610070764556,1,NA
"668",3542,3542,0,0.741929830297878,NA
"669",3542,4151,0.741929830297878,0.954736945361802,NA
"670",3542,4162,0.954736945361802,0.95738809142334,NA
"671",3542,7115,0.95738809142334,0.998230389432037,NA
"672",3542,7121,0.998230389432037,1,NA
"673",3543,2142,0,0.00352826864840811,NA
"674",3543,2429,0.00352826864840811,0.00634488367713259,NA
"675",3543,2473,0.00634488367713259,0.00956982455321652,NA
"676",3543,3116,0.00956982455321652,0.0116731193261457,NA
"677",3543,3543,0.0116731193261457,0.972772165843626,NA
"678",3543,4151,0.972772165843626,1,NA
"679",3544,3544,0,1,NA
"680",3551,2141,0,0.287906744696184,NA
"681",3551,2142,0.287906744696184,0.938278546370281,NA
"682",3551,2429,0.938278546370281,0.958527681208771,NA
"683",3551,2462,0.958527681208771,0.962439715862746,NA
"684",3551,2463,0.962439715862746,0.979798379752449,NA
"685",3551,3550,0.979798379752449,0.984248913103732,NA
"686",3551,3565,0.984248913103732,0.991154366986862,NA
"687",3551,9232,0.991154366986862,1,NA
"688",3552,2142,0,0.0806294029927495,NA
"689",3552,3550,0.0806294029927495,0.950429372139662,NA
"690",3552,5114,0.950429372139662,1,NA
"691",3561,2142,0,0.00537304578212535,NA
"692",3561,2424,0.00537304578212535,0.0179258829795123,NA
"693",3561,2429,0.0179258829795123,0.194353245737631,NA
"694",3561,3235,0.194353245737631,0.20433079624898,NA
"695",3561,3561,0.20433079624898,0.951035845024371,NA
"696",3561,4159,0.951035845024371,1,NA
"697",3562,3239,0,0.0053107822410148,NA
"698",3562,3562,0.0053107822410148,0.928422832980973,NA
"699",3562,4138,0.928422832980973,1,NA
"700",3563,3563,0,0.970938119850553,NA
"701",3563,3564,0.970938119850553,0.97644883878872,NA
"702",3563,3565,0.97644883878872,0.978262151809353,NA
"703",3563,4138,0.978262151809353,1,NA
"704",3564,3539,0,0.0233878847093307,NA
"705",3564,3564,0.0233878847093307,1,NA
"706",3565,3565,0,1,NA
"707",3566,3565,0,1,NA
"708",3567,2219,0,0.0987561322994145,NA
"709",3567,3567,0.0987561322994145,1,NA
"710",3568,2463,0,0.740878384563279,NA
"711",3568,3565,0.740878384563279,1,NA
"712",4111,3561,0,0.669226084568262,NA
"713",4111,4112,0.669226084568262,1,NA
"714",4112,2429,0,0.00121379768194517,NA
"715",4112,2462,0.00121379768194517,0.00355398190921413,NA
"716",4112,3561,0.00355398190921413,0.0101529694890874,NA
"717",4112,3567,0.0101529694890874,0.0129844264335703,NA
"718",4112,4112,0.0129844264335703,0.984603468783713,NA
"719",4112,4122,0.984603468783713,0.98529279964593,NA
"720",4112,4131,0.98529279964593,0.98729993637797,NA
"721",4112,4138,0.98729993637797,0.995698044314127,NA
"722",4112,4161,0.995698044314127,0.996398439877182,NA
"723",4112,4162,0.996398439877182,0.99930403031728,NA
"724",4112,7220,0.99930403031728,1,NA
"725",4113,1115,0,0.00330007546335399,NA
"726",4113,2432,0.00330007546335399,0.0038721571077609,NA
"727",4113,3234,0.0038721571077609,0.00636746153875821,NA
"728",4113,3239,0.00636746153875821,0.00816341222917719,NA
"729",4113,3520,0.00816341222917719,0.0111536637008412,NA
"730",4113,3539,0.0111536637008412,0.0119880029979649,NA
"731",4113,3561,0.0119880029979649,0.050122065510419,NA
"732",4113,3565,0.050122065510419,0.0526109420577712,NA
"733",4113,4113,0.0526109420577712,0.874967378490502,NA
"734",4113,4122,0.874967378490502,0.875657733193977,NA
"735",4113,4124,0.875657733193977,0.878338160673951,NA
"736",4113,4129,0.878338160673951,0.897152576102928,NA
"737",4113,4131,0.897152576102928,0.90161738408276,NA
"738",4113,4138,0.90161738408276,0.913271137131184,NA
"739",4113,4159,0.913271137131184,0.972480944538934,NA
"740",4113,4162,0.972480944538934,0.982171621922169,NA
"741",4113,4215,0.982171621922169,0.982990534298544,NA
"742",4113,4216,0.982990534298544,0.986378028979471,NA
"743",4113,4217,0.986378028979471,0.996144555389716,NA
"744",4113,7219,0.996144555389716,0.999539763531016,NA
"745",4113,9219,0.999539763531016,1,NA
"746",4114,3234,0,0.00901609713568801,NA
"747",4114,3539,0.00901609713568801,0.0169732281455334,NA
"748",4114,4114,0.0169732281455334,0.988980798264827,NA
"749",4114,4138,0.988980798264827,0.991877006825866,NA
"750",4114,4161,0.991877006825866,1,NA
"751",4121,4121,0,0.954205180716223,NA
"752",4121,4129,0.954205180716223,0.966347484363757,NA
"753",4121,4159,0.966347484363757,0.969716887142304,NA
"754",4121,4162,0.969716887142304,1,NA
"755",4122,3537,0,0.00092074778974782,NA
"756",4122,3538,0.00092074778974782,0.00211357847761673,NA
"757",4122,4122,0.00211357847761673,0.703080508125647,NA
"758",4122,4124,0.703080508125647,0.78893975795698,NA
"759",4122,4129,0.78893975795698,0.96778442173716,NA
"760",4122,4131,0.96778442173716,0.970065102454862,NA
"761",4122,4133,0.970065102454862,0.970776370491189,NA
"762",4122,4138,0.970776370491189,0.971457781643121,NA
"763",4122,4151,0.971457781643121,0.985334972572599,NA
"764",4122,4159,0.985334972572599,0.991227373176864,NA
"765",4122,4162,0.991227373176864,0.998879403709862,NA
"766",4122,4214,0.998879403709862,0.999508324532776,NA
"767",4122,4215,0.999508324532776,0.999757292423623,NA
"768",4122,9219,0.999757292423623,1,NA
"769",4123,4123,0,0.824053448656172,NA
"770",4123,4129,0.824053448656172,0.997509933857133,NA
"771",4123,4159,0.997509933857133,0.998176333342654,NA
"772",4123,4216,0.998176333342654,1,NA
"773",4131,2419,0,0.00488141610374242,NA
"774",4131,3539,0.00488141610374242,0.0375622503821311,NA
"775",4131,3546,0.0375622503821311,0.0400118337360091,NA
"776",4131,3561,0.0400118337360091,0.0435244810413688,NA
"777",4131,4129,0.0435244810413688,0.0502342093585129,NA
"778",4131,4131,0.0502342093585129,0.86851338691386,NA
"779",4131,4133,0.86851338691386,0.870444258172674,NA
"780",4131,4138,0.870444258172674,0.881792811005375,NA
"781",4131,4151,0.881792811005375,0.953513140377693,NA
"782",4131,4159,0.953513140377693,0.975719145998718,NA
"783",4131,4161,0.975719145998718,0.978594743848923,NA
"784",4131,4162,0.978594743848923,0.997767368472955,NA
"785",4131,4216,0.997767368472955,1,NA
"786",4132,3539,0,0.00196125390794405,NA
"787",4132,4129,0.00196125390794405,0.017771031697229,NA
"788",4132,4132,0.017771031697229,0.98959176143903,NA
"789",4132,4151,0.98959176143903,0.998054928054993,NA
"790",4132,4159,0.998054928054993,1,NA
"791",4133,3116,0,0.0282662187366576,NA
"792",4133,3416,0.0282662187366576,0.0407181861081773,NA
"793",4133,3539,0.0407181861081773,0.0434596975348869,NA
"794",4133,3543,0.0434596975348869,0.0456984112716568,NA
"795",4133,4133,0.0456984112716568,0.92837239612593,NA
"796",4133,4134,0.92837239612593,0.985581784678996,NA
"797",4133,4138,0.985581784678996,0.989115413136783,NA
"798",4133,4151,0.989115413136783,0.993623738792387,NA
"799",4133,4217,0.993623738792387,1,NA
"800",4134,2436,0,0.042815331010453,NA
"801",4134,3116,0.042815331010453,0.0475659532105525,NA
"802",4134,4134,0.0475659532105525,0.967948232951717,NA
"803",4134,4162,0.967948232951717,1,NA
"804",4135,4135,0,1,NA
"805",4136,2137,0,0.0198234687803957,NA
"806",4136,2317,0.0198234687803957,0.0395380572855422,NA
"807",4136,3131,0.0395380572855422,0.107871318032025,NA
"808",4136,4159,0.107871318032025,0.192660017711191,NA
"809",4136,4162,0.192660017711191,0.255273434664576,NA
"810",4136,4217,0.255273434664576,0.985569734186955,NA
"811",4136,5221,0.985569734186955,1,NA
"812",4137,4162,0,0.0157362246243079,NA
"813",4137,7215,0.0157362246243079,0.906274716583179,NA
"814",4137,7220,0.906274716583179,1,NA
"815",4141,7211,0,0.0365600947306098,NA
"816",4141,7213,0.0365600947306098,0.797315966054865,NA
"817",4141,7220,0.797315966054865,1,NA
"818",4142,7214,0,0.938381170479737,NA
"819",4142,7220,0.938381170479737,1,NA
"820",4150,2317,0,0.00037058551329638,NA
"821",4150,3233,0.00037058551329638,0.000596244917248373,NA
"822",4150,3239,0.000596244917248373,0.000828599277338558,NA
"823",4150,3539,0.000828599277338558,0.00146777067806122,NA
"824",4150,3561,0.00146777067806122,0.00240900274690112,NA
"825",4150,4113,0.00240900274690112,0.00373381642036448,NA
"826",4150,4123,0.00373381642036448,0.00469158896907521,NA
"827",4150,4129,0.00469158896907521,0.0141543187389853,NA
"828",4150,4131,0.0141543187389853,0.0188415756776182,NA
"829",4150,4132,0.0188415756776182,0.0248146580157331,NA
"830",4150,4133,0.0248146580157331,0.0253411966249545,NA
"831",4150,4134,0.0253411966249545,0.0263316563124575,NA
"832",4150,4135,0.0263316563124575,0.028675284781774,NA
"833",4150,4138,0.028675284781774,0.0453299727278993,NA
"834",4150,4151,0.0453299727278993,0.0598603904734712,NA
"835",4150,4159,0.0598603904734712,0.943547342200868,NA
"836",4150,4161,0.943547342200868,0.943932499089289,NA
"837",4150,4162,0.943932499089289,0.983201567407378,NA
"838",4150,4211,0.983201567407378,0.985583002687828,NA
"839",4150,4213,0.985583002687828,0.98640963286042,NA
"840",4150,4216,0.98640963286042,0.990831454479221,NA
"841",4150,4217,0.990831454479221,0.993553938701769,NA
"842",4150,6212,0.993553938701769,0.993772509328634,NA
"843",4150,6219,0.993772509328634,0.994464058915614,NA
"844",4150,7211,0.994464058915614,0.995689235888903,NA
"845",4150,7215,0.995689235888903,0.996375665803542,NA
"846",4150,9219,0.996375665803542,0.996843131270368,NA
"847",4150,9259,0.996843131270368,1,NA
"848",4211,4159,0,0.017710233029382,NA
"849",4211,4211,0.017710233029382,1,NA
"850",4212,4212,0,1,NA
"851",4213,4213,0,1,NA
"852",4214,2429,0,0.00507471102340006,NA
"853",4214,4214,0.00507471102340006,1,NA
"854",4215,4159,0,0.0059028597466909,NA
"855",4215,4215,0.0059028597466909,1,NA
"856",4216,4216,0,1,NA
"857",4217,4162,0,0.0164666093754331,NA
"858",4217,4217,0.0164666093754331,1,NA
"859",5111,5111,0,1,NA
"860",5112,5112,0,1,NA
"861",5113,5113,0,0.854692966856308,NA
"862",5113,5114,0.854692966856308,0.988898829715725,NA
"863",5113,9119,0.988898829715725,1,NA
"864",5119,5111,0,0.0288411349880615,NA
"865",5119,5119,0.0288411349880615,0.805330667999334,NA
"866",5119,6139,0.805330667999334,1,NA
"867",5211,5211,0,1,NA
"868",5212,5212,0,0.877956989247312,NA
"869",5212,5250,0.877956989247312,1,NA
"870",5213,5213,0,0.992414393888628,NA
"871",5213,5250,0.992414393888628,1,NA
"872",5214,5214,0,0.765353432672997,NA
"873",5214,5236,0.765353432672997,0.958421143976396,NA
"874",5214,5250,0.958421143976396,1,NA
"875",5215,5215,0,0.982582947633852,NA
"876",5215,5250,0.982582947633852,1,NA
"877",5216,5216,0,0.954176933471107,NA
"878",5216,5250,0.954176933471107,1,NA
"879",5221,5221,0,0.980573762068796,NA
"880",5221,5250,0.980573762068796,1,NA
"881",5222,5222,0,0.96563735012392,NA
"882",5222,5250,0.96563735012392,1,NA
"883",5223,3113,0,0.011774701880478,NA
"884",5223,5223,0.011774701880478,0.751480996099128,NA
"885",5223,5225,0.751480996099128,0.781099736357287,NA
"886",5223,5231,0.781099736357287,0.786500216846427,NA
"887",5223,5235,0.786500216846427,0.911609378637495,NA
"888",5223,5236,0.911609378637495,0.932423090422006,NA
"889",5223,5237,0.932423090422006,0.950242312587374,NA
"890",5223,5250,0.950242312587374,0.988265476748982,NA
"891",5223,5319,0.988265476748982,0.997391934258308,NA
"892",5223,5449,0.997391934258308,1,NA
"893",5224,5224,0,0.984237176075984,NA
"894",5224,5250,0.984237176075984,1,NA
"895",5231,5231,0,0.972914103427735,NA
"896",5231,5250,0.972914103427735,0.99725814622849,NA
"897",5231,7112,0.99725814622849,0.998175345028198,NA
"898",5231,8135,0.998175345028198,1,NA
"899",5232,5232,0,0.946252838758516,NA
"900",5232,5250,0.946252838758516,1,NA
"901",5233,5231,0,1,NA
"902",5234,5234,0,1,NA
"903",5241,5235,0,0.000665510330600089,NA
"904",5241,5241,0.000665510330600089,0.977975500485604,NA
"905",5241,5250,0.977975500485604,0.998932904976327,NA
"906",5241,5330,0.998932904976327,0.999444616913836,NA
"907",5241,5449,0.999444616913836,1,NA
"908",5242,5242,0,0.993083094661085,NA
"909",5242,5250,0.993083094661085,1,NA
"910",5243,5242,0,0.641279984739377,NA
"911",5243,5249,0.641279984739377,1,NA
"912",5244,5244,0,0.945400740941538,NA
"913",5244,5250,0.945400740941538,1,NA
"914",5245,3132,0,0.136393801231397,NA
"915",5245,5245,0.136393801231397,0.99077066768259,NA
"916",5245,5250,0.99077066768259,1,NA
"917",5249,5225,0,0.00776716713070178,NA
"918",5249,5237,0.00776716713070178,0.0102879186073743,NA
"919",5249,5241,0.0102879186073743,0.0164775832010616,NA
"920",5249,5242,0.0164775832010616,0.0204945226509849,NA
"921",5249,5245,0.0204945226509849,0.0239064817465067,NA
"922",5249,5249,0.0239064817465067,0.998123259868335,NA
"923",5249,5250,0.998123259868335,1,NA
"924",5311,5311,0,0.918461435666719,NA
"925",5311,5319,0.918461435666719,0.986391679101984,NA
"926",5311,5330,0.986391679101984,1,NA
"927",5312,5312,0,0.9865170288175,NA
"928",5312,5330,0.9865170288175,1,NA
"929",5313,5313,0,0.960261844053067,NA
"930",5313,5322,0.960261844053067,0.993268153751766,NA
"931",5313,5330,0.993268153751766,1,NA
"932",5314,5225,0,0.0498646746210035,NA
"933",5314,5314,0.0498646746210035,0.98388977323962,NA
"934",5314,5330,0.98388977323962,1,NA
"935",5315,5236,0,0.0210405247090413,NA
"936",5315,5315,0.0210405247090413,0.96541738996588,NA
"937",5315,5330,0.96541738996588,0.99935651311345,NA
"938",5315,5449,0.99935651311345,1,NA
"939",5316,5316,0,0.986074424208721,NA
"940",5316,5330,0.986074424208721,1,NA
"941",5319,2436,0,0.000666808223719747,NA
"942",5319,5319,0.000666808223719747,0.973458052547468,NA
"943",5319,5330,0.973458052547468,1,NA
"944",5321,5321,0,0.986108238848378,NA
"945",5321,5330,0.986108238848378,1,NA
"946",5322,5322,0,1,NA
"947",5323,5323,0,0.970206628413758,NA
"948",5323,5330,0.970206628413758,0.975555764587841,NA
"949",5323,5449,0.975555764587841,0.998593212721705,NA
"950",5323,9275,0.998593212721705,1,NA
"951",5411,5411,0,1,NA
"952",5412,5412,0,1,NA
"953",5413,5413,0,0.963989250522544,NA
"954",5413,5419,0.963989250522544,1,NA
"955",5414,5414,0,1,NA
"956",5419,5419,0,1,NA
"957",5421,5421,0,1,NA
"958",5422,5422,0,1,NA
"959",5423,5422,0,0.0159071792588195,NA
"960",5423,5423,0.0159071792588195,0.965328286576617,NA
"961",5423,8127,0.965328286576617,1,NA
"962",5424,5422,0,1,NA
"963",5431,5431,0,1,NA
"964",5432,5432,0,1,NA
"965",5433,5433,0,1,NA
"966",5434,5434,0,0.665287620328095,NA
"967",5434,5435,0.665287620328095,0.953152572757066,NA
"968",5434,5436,0.953152572757066,1,NA
"969",5491,5441,0,1,NA
"970",5492,5215,0,0.0032661686072392,NA
"971",5492,5442,0.0032661686072392,1,NA
"972",5493,5449,0,1,NA
"973",5494,5449,0,1,NA
"974",5495,5449,0,1,NA
"975",5496,5443,0,1,NA
"976",5499,5449,0,1,NA
"977",6111,3233,0,0.000849307662592904,NA
"978",6111,6141,0.000849307662592904,1,NA
"979",6112,6142,0,1,NA
"980",6113,6143,0,1,NA
"981",6114,6144,0,1,NA
"982",6115,3231,0,0.00335638315252908,NA
"983",6115,3233,0.00335638315252908,0.0038359637084477,NA
"984",6115,3234,0.0038359637084477,0.00507150481418551,NA
"985",6115,6141,0.00507150481418551,0.0135627014987148,NA
"986",6115,6145,0.0135627014987148,0.891886749553435,NA
"987",6115,6146,0.891886749553435,0.999146693787304,NA
"988",6115,6147,0.999146693787304,1,NA
"989",6121,6121,0,0.989433942814437,NA
"990",6121,6125,0.989433942814437,1,NA
"991",6122,6122,0,0.991423346803406,NA
"992",6122,6147,0.991423346803406,1,NA
"993",6123,2319,0,0.00347565926304902,NA
"994",6123,6121,0.00347565926304902,0.0129238914037215,NA
"995",6123,6123,0.0129238914037215,1,NA
"996",6124,2311,0,0.00109402247997392,NA
"997",6124,3233,0.00109402247997392,0.00604939730301578,NA
"998",6124,4213,0.00604939730301578,0.00687647829787607,NA
"999",6124,6121,0.00687647829787607,0.00893761665014693,NA
"1000",6124,6125,0.00893761665014693,0.743260821523361,NA
"1001",6124,6126,0.743260821523361,0.999212303814419,NA
"1002",6124,6147,0.999212303814419,1,NA
"1003",6131,6131,0,0.764267578287061,NA
"1004",6131,6139,0.764267578287061,1,NA
"1005",6139,6139,0,1,NA
"1006",6211,6211,0,0.995142930603277,NA
"1007",6211,6219,0.995142930603277,1,NA
"1008",6212,6212,0,1,NA
"1009",6213,6147,0,0.391382318728189,NA
"1010",6213,6219,0.391382318728189,1,NA
"1011",6214,6214,0,1,NA
"1012",6215,6215,0,1,NA
"1013",6219,3239,0,0.100088313217545,NA
"1014",6219,6147,0.100088313217545,0.138357374153665,NA
"1015",6219,6219,0.138357374153665,1,NA
"1016",6221,6221,0,1,NA
"1017",6222,6222,0,0.965037177073022,NA
"1018",6222,9275,0.965037177073022,0.972063234516996,NA
"1019",6222,9279,0.972063234516996,1,NA
"1020",6231,6231,0,0.861731290389827,NA
"1021",6231,6240,0.861731290389827,1,NA
"1022",6232,6232,0,0.986413484073523,NA
"1023",6232,6240,0.986413484073523,1,NA
"1024",6291,6148,0,1,NA
"1025",6292,6132,0,1,NA
"1026",7111,4151,0,0.000383917577908895,NA
"1027",7111,5443,0.000383917577908895,0.000890640463906111,NA
"1028",7111,6141,0.000890640463906111,0.00110202664995978,NA
"1029",7111,7111,0.00110202664995978,0.856816660935752,NA
"1030",7111,7112,0.856816660935752,0.857524502678766,NA
"1031",7111,7113,0.857524502678766,0.857683948259104,NA
"1032",7111,7114,0.857683948259104,0.899022228163404,NA
"1033",7111,7115,0.899022228163404,0.912032343294387,NA
"1034",7111,7121,0.912032343294387,0.912177495142144,NA
"1035",7111,7130,0.912177495142144,0.998306695989622,NA
"1036",7111,7211,0.998306695989622,0.999485224306915,NA
"1037",7111,9251,0.999485224306915,1,NA
"1038",7112,4129,0,0.0137404595482839,NA
"1039",7112,7112,0.0137404595482839,0.934474756775591,NA
"1040",7112,7130,0.934474756775591,1,NA
"1041",7113,7113,0,0.936757906376376,NA
"1042",7113,7121,0.936757906376376,0.946107784431138,NA
"1043",7113,7130,0.946107784431138,1,NA
"1044",7121,7121,0,1,NA
"1045",7122,4129,0,0.00565179260769513,NA
"1046",7122,7122,0.00565179260769513,1,NA
"1047",7123,7123,0,1,NA
"1048",7124,7124,0,1,NA
"1049",7125,7125,0,1,NA
"1050",7129,2311,0,0.00407117667427561,NA
"1051",7129,3235,0.00407117667427561,0.00549659278483949,NA
"1052",7129,3542,0.00549659278483949,0.0180496676830601,NA
"1053",7129,3544,0.0180496676830601,0.224839220458755,NA
"1054",7129,3546,0.224839220458755,0.228170794434154,NA
"1055",7129,4131,0.228170794434154,0.231401513496068,NA
"1056",7129,6219,0.231401513496068,0.236044201346749,NA
"1057",7129,7121,0.236044201346749,0.24588091724182,NA
"1058",7129,7129,0.24588091724182,0.976702514985359,NA
"1059",7129,7130,0.976702514985359,1,NA
"1060",7211,7211,0,0.926413200775989,NA
"1061",7211,7220,0.926413200775989,1,NA
"1062",7212,4123,0,0.00620115631567586,NA
"1063",7212,4132,0.00620115631567586,0.00759912645555698,NA
"1064",7212,7219,0.00759912645555698,0.925397360864125,NA
"1065",7212,7220,0.925397360864125,1,NA
"1066",8111,5435,0,0.00314056002629824,NA
"1067",8111,8111,0.00314056002629824,0.979219558761531,NA
"1068",8111,9132,0.979219558761531,0.997912484051118,NA
"1069",8111,9272,0.997912484051118,1,NA
"1070",8112,8112,0,0.976267123287671,NA
"1071",8112,9134,0.976267123287671,1,NA
"1072",8113,8113,0,1,NA
"1073",8114,8114,0,1,NA
"1074",8115,8115,0,1,NA
"1075",8116,5236,0,0.0302660050738696,NA
"1076",8116,5316,0.0302660050738696,0.0355077600358156,NA
"1077",8116,5449,0.0355077600358156,0.055103715863304,NA
"1078",8116,8116,0.055103715863304,1,NA
"1079",8117,8117,0,1,NA
"1080",8118,8118,0,1,NA
"1081",8119,8119,0,1,NA
"1082",8121,8121,0,1,NA
"1083",8122,8122,0,1,NA
"1084",8123,8123,0,1,NA
"1085",8124,8124,0,1,NA
"1086",8125,5221,0,0.00563874741190304,NA
"1087",8125,5223,0.00563874741190304,0.177112242926998,NA
"1088",8125,5224,0.177112242926998,0.182828929756253,NA
"1089",8125,5232,0.182828929756253,0.18832874168505,NA
"1090",8125,5236,0.18832874168505,0.194946814819333,NA
"1091",8125,5237,0.194946814819333,0.208626876899773,NA
"1092",8125,5250,0.208626876899773,0.326030748794481,NA
"1093",8125,5449,0.326030748794481,0.341327206617395,NA
"1094",8125,8125,0.341327206617395,0.996638439042904,NA
"1095",8125,8221,0.996638439042904,1,NA
"1096",8126,8126,0,1,NA
"1097",8129,5221,0,0.0184932013006208,NA
"1098",8129,8127,0.0184932013006208,0.0227701005025126,NA
"1099",8129,8129,0.0227701005025126,0.980620011823825,NA
"1100",8129,8141,0.980620011823825,1,NA
"1101",8131,5449,0,0.00716178875542773,NA
"1102",8131,8131,0.00716178875542773,1,NA
"1103",8132,8132,0,1,NA
"1104",8133,8133,0,0.99525319770243,NA
"1105",8133,8233,0.99525319770243,1,NA
"1106",8134,8134,0,1,NA
"1107",8135,8135,0,1,NA
"1108",8136,5414,0,1,NA
"1109",8137,8137,0,1,NA
"1110",8138,3111,0,1,NA
"1111",8139,5244,0,0.00855219759370932,NA
"1112",8139,5413,0.00855219759370932,0.0927548584071313,NA
"1113",8139,8113,0.0927548584071313,0.100857554830386,NA
"1114",8139,8129,0.100857554830386,0.118598256869487,NA
"1115",8139,8139,0.118598256869487,0.978879282666184,NA
"1116",8139,9275,0.978879282666184,1,NA
"1117",8141,5330,0,0.0111801128954304,NA
"1118",8141,8141,0.0111801128954304,1,NA
"1119",8142,5313,0,0.00706118084522238,NA
"1120",8142,5330,0.00706118084522238,0.115772539424124,NA
"1121",8142,8142,0.115772539424124,1,NA
"1122",8143,5330,0,0.0388952637201757,NA
"1123",8143,8143,0.0388952637201757,1,NA
"1124",8149,5235,0,0.00472357877767768,NA
"1125",8149,5313,0.00472357877767768,0.005778531127021,NA
"1126",8149,5330,0.005778531127021,0.38823135460623,NA
"1127",8149,8149,0.38823135460623,1,NA
"1128",8211,8211,0,0.999230011455927,NA
"1129",8211,8214,0.999230011455927,1,NA
"1130",8212,8212,0,1,NA
"1131",8213,6147,0,0.00435369676760324,NA
"1132",8213,8213,0.00435369676760324,1,NA
"1133",8214,6147,0,0.0090951618417028,NA
"1134",8214,8214,0.0090951618417028,1,NA
"1135",8215,8215,0,1,NA
"1136",8216,8234,0,1,NA
"1137",8217,5236,0,0.0930027686886484,NA
"1138",8217,8232,0.0930027686886484,1,NA
"1139",8218,8233,0,1,NA
"1140",8219,8239,0,1,NA
"1141",8221,8221,0,1,NA
"1142",8222,8222,0,1,NA
"1143",8223,8223,0,1,NA
"1144",8229,8229,0,1,NA
"1145",9111,9111,0,1,NA
"1146",9112,9112,0,1,NA
"1147",9119,9119,0,1,NA
"1148",9121,5330,0,0.000960430006933364,NA
"1149",9121,8149,0.000960430006933364,0.179651615778177,NA
"1150",9121,9120,0.179651615778177,1,NA
"1151",9129,5319,0,0.486228402865571,NA
"1152",9129,5330,0.486228402865571,0.495507796038769,NA
"1153",9129,8149,0.495507796038769,0.517859249894648,NA
"1154",9129,9120,0.517859249894648,1,NA
"1155",9131,9139,0,1,NA
"1156",9132,6240,0,0.00812295830882261,NA
"1157",9132,9132,0.00812295830882261,0.93273840069089,NA
"1158",9132,9233,0.93273840069089,0.945705095310212,NA
"1159",9132,9272,0.945705095310212,1,NA
"1160",9133,5422,0,0.230651856470164,NA
"1161",9133,8127,0.230651856470164,1,NA
"1162",9134,5449,0,0.0010073129882694,NA
"1163",9134,9134,0.0010073129882694,1,NA
"1164",9139,8149,0,0.00218468367096102,NA
"1165",9139,9120,0.00218468367096102,0.0158086618725959,NA
"1166",9139,9139,0.0158086618725959,1,NA
"1167",9141,9260,0,1,NA
"1168",9149,7115,0,0.00855336698217222,NA
"1169",9149,8233,0.00855336698217222,0.00904169480274227,NA
"1170",9149,9259,0.00904169480274227,0.00953574521495962,NA
"1171",9149,9260,0.00953574521495962,0.998976927782165,NA
"1172",9149,9271,0.998976927782165,1,NA
"1173",9211,9211,0,1,NA
"1174",9219,3536,0,0.0127552491546305,NA
"1175",9219,4159,0.0127552491546305,0.0260504862512779,NA
"1176",9219,4162,0.0260504862512779,0.0369603397205693,NA
"1177",9219,6121,0.0369603397205693,0.040582977273323,NA
"1178",9219,6139,0.040582977273323,0.049338121575926,NA
"1179",9219,9120,0.049338121575926,0.0698524207711867,NA
"1180",9219,9219,0.0698524207711867,0.975365016120999,NA
"1181",9219,9260,0.975365016120999,0.981677108181079,NA
"1182",9219,9279,0.981677108181079,1,NA
"1183",9221,9271,0,1,NA
"1184",9222,9279,0,1,NA
"1185",9223,5434,0,0.00314248913104014,NA
"1186",9223,5435,0.00314248913104014,0.00342983966432718,NA
"1187",9223,5436,0.00342983966432718,0.00508166087423289,NA
"1188",9223,9272,0.00508166087423289,1,NA
"1189",9224,9273,0,1,NA
"1190",9225,5436,0,0.000624770444192853,NA
"1191",9225,9274,0.000624770444192853,1,NA
"1192",9226,9275,0,1,NA
"1193",9229,3239,0,0.0382510901223968,NA
"1194",9229,9279,0.0382510901223968,1,NA
"1195",9231,9231,0,1,NA
"1196",9232,6240,0,0.0778897451096621,NA
"1197",9232,9232,0.0778897451096621,0.978660343805572,NA
"1198",9232,9239,0.978660343805572,1,NA
"1199",9233,6240,0,0.0615870107610407,NA
"1200",9233,9132,0.0615870107610407,0.0708704664524872,NA
"1201",9233,9231,0.0708704664524872,0.0722391323620674,NA
"1202",9233,9233,0.0722391323620674,0.962835781199208,NA
"1203",9233,9236,0.962835781199208,0.999155665694275,NA
"1204",9233,9239,0.999155665694275,1,NA
"1205",9234,6240,0,0.104412678682411,NA
"1206",9234,9234,0.104412678682411,1,NA
"1207",9235,9235,0,1,NA
"1208",9239,9132,0,0.0158839779005525,NA
"1209",9239,9239,0.0158839779005525,1,NA
"1210",9241,2139,0,0.00406311778872075,NA
"1211",9241,3315,0.00406311778872075,0.0232529384278063,NA
"1212",9241,5114,0.0232529384278063,0.0256655044750368,NA
"1213",9241,9241,0.0256655044750368,0.995758599618993,NA
"1214",9241,9279,0.995758599618993,1,NA
"1215",9242,9242,0,1,NA
"1216",9243,9244,0,1,NA
"1217",9244,9244,0,1,NA
"1218",9245,9242,0,1,NA
"1219",9249,9249,0,1,NA
"1220",9251,7130,0,0.00300586196568397,NA
"1221",9251,9251,0.00300586196568397,1,NA
"1222",9259,9259,0,1,NA
"1223",NA,NA,0,1,NA
"1224",-9,NA,0,1,-9
"1225",-8,NA,0,1,-8
